{"cameraMode":{"drawMode":0,"name":"Shaded","section":"Shading Mode"},"sceneLighting":true,"audioPlay":false,"sceneViewState":{"m_AlwaysRefresh":false,"showFog":true,"showSkybox":true,"showFlares":true,"showImageEffects":true,"showParticleSystems":true,"showVisualEffectGraphs":true,"m_FxEnabled":true},"in2DMode":false,"pivot":{"x":108.83453369140625,"y":-41.337310791015628,"z":57.53092956542969},"rotation":{"x":-0.04950260370969772,"y":-0.932187557220459,"z":0.33027440309524538,"w":-0.13973002135753632},"size":433.91986083984377,"orthographic":true}