{"cameraMode":{"drawMode":0,"name":"Shaded","section":"Shading Mode"},"sceneLighting":true,"audioPlay":false,"sceneViewState":{"m_AlwaysRefresh":false,"showFog":true,"showSkybox":true,"showFlares":true,"showImageEffects":true,"showParticleSystems":true,"showVisualEffectGraphs":true,"m_FxEnabled":true},"in2DMode":false,"pivot":{"x":438.8563232421875,"y":-1040.0035400390625,"z":1345.1495361328125},"rotation":{"x":0.27398431301116946,"y":0.04294833168387413,"z":-0.012261349707841874,"w":0.960735559463501},"size":2727.857666015625,"orthographic":false}