{"cameraMode":{"drawMode":0,"name":"Shaded","section":"Shading Mode"},"sceneLighting":false,"audioPlay":false,"sceneViewState":{"m_AlwaysRefresh":false,"showFog":true,"showSkybox":false,"showFlares":true,"showImageEffects":true,"showParticleSystems":true,"showVisualEffectGraphs":true,"m_FxEnabled":true},"in2DMode":false,"pivot":{"x":0.5278394222259522,"y":3.132082462310791,"z":-1.7647600173950196},"rotation":{"x":0.01405793335288763,"y":-0.9570709466934204,"z":0.28580158948898318,"w":0.04696241766214371},"size":5.250000476837158,"orthographic":false}