{"cameraMode":{"drawMode":0,"name":"Shaded","section":"Shading Mode"},"sceneLighting":false,"audioPlay":false,"sceneViewState":{"m_AlwaysRefresh":false,"showFog":true,"showSkybox":false,"showFlares":true,"showImageEffects":true,"showParticleSystems":true,"showVisualEffectGraphs":true,"m_FxEnabled":true},"in2DMode":false,"pivot":{"x":-0.3767380714416504,"y":0.44077539443969729,"z":2.4957709312438967},"rotation":{"x":-0.010718682780861855,"y":0.945208728313446,"z":-0.32480111718177798,"w":-0.031192662194371225},"size":1.2247449159622193,"orthographic":false}