{"cameraMode":{"drawMode":0,"name":"Shaded","section":"Shading Mode"},"sceneLighting":false,"audioPlay":false,"sceneViewState":{"m_AlwaysRefresh":false,"showFog":true,"showSkybox":false,"showFlares":true,"showImageEffects":true,"showParticleSystems":true,"showVisualEffectGraphs":true,"m_FxEnabled":true},"in2DMode":false,"pivot":{"x":-6.1294779777526859,"y":-2.216649055480957,"z":-14.458023071289063},"rotation":{"x":-0.011641040444374085,"y":0.9827479720115662,"z":-0.17222630977630616,"w":-0.06642541289329529},"size":39.286231994628909,"orthographic":false}