{"cameraMode":{"drawMode":0,"name":"Shaded","section":"Shading Mode"},"sceneLighting":false,"audioPlay":false,"sceneViewState":{"m_AlwaysRefresh":false,"showFog":true,"showSkybox":false,"showFlares":true,"showImageEffects":true,"showParticleSystems":true,"showVisualEffectGraphs":true,"m_FxEnabled":true},"in2DMode":false,"pivot":{"x":1.4840797185897828,"y":2.395519256591797,"z":-25.2408447265625},"rotation":{"x":0.0010231061605736614,"y":0.9742316007614136,"z":-0.2255297303199768,"w":0.004393944516777992},"size":39.00956344604492,"orthographic":false}