{"cameraMode":{"drawMode":0,"name":"Shaded","section":"Shading Mode"},"sceneLighting":false,"audioPlay":false,"sceneViewState":{"m_AlwaysRefresh":false,"showFog":true,"showSkybox":false,"showFlares":true,"showImageEffects":true,"showParticleSystems":true,"showVisualEffectGraphs":true,"m_FxEnabled":true},"in2DMode":false,"pivot":{"x":0.19664904475212098,"y":-4.901174545288086,"z":7.162245750427246},"rotation":{"x":-0.006854526698589325,"y":0.8891999125480652,"z":-0.4572770595550537,"w":-0.013329089619219303},"size":28.08192253112793,"orthographic":false}