{"cameraMode":{"drawMode":0,"name":"Shaded","section":"Shading Mode"},"sceneLighting":false,"audioPlay":false,"sceneViewState":{"m_AlwaysRefresh":false,"showFog":true,"showSkybox":false,"showFlares":true,"showImageEffects":true,"showParticleSystems":true,"showVisualEffectGraphs":true,"m_FxEnabled":true},"in2DMode":false,"pivot":{"x":-0.15189164876937867,"y":-0.09235763549804688,"z":0.9373035430908203},"rotation":{"x":0.00562512781471014,"y":0.9633010029792786,"z":-0.2676263451576233,"w":0.02024230733513832},"size":8.629494667053223,"orthographic":false}